<?xml version="1.0"?>
<doc>
    <assembly>
        <name>Spreadsheet</name>
    </assembly>
    <members>
        <member name="T:SS.CircularException">
            <summary>
            Thrown to indicate that a change to a cell will cause a circular dependency.
            </summary>
        </member>
        <member name="T:SS.InvalidNameException">
            <summary>
            Thrown to indicate that a name parameter was either null or invalid.
            </summary>
        </member>
        <member name="T:SS.SpreadsheetReadWriteException">
            <summary>
            Thrown to indicate that a read or write attempt has failed.
            </summary>
        </member>
        <member name="M:SS.SpreadsheetReadWriteException.#ctor(System.String)">
            <summary>
            Creates the exception with a message
            </summary>
        </member>
        <member name="T:SS.AbstractSpreadsheet">
            <summary>
            An AbstractSpreadsheet object represents the state of a simple spreadsheet.  A 
            spreadsheet consists of an infinite number of named cells.
            
            A string is a cell name if and only if it consists of one or more letters,
            followed by one or more digits AND it satisfies the predicate IsValid.
            For example, "A15", "a15", "XY032", and "BC7" are cell names so long as they
            satisfy IsValid.  On the other hand, "Z", "X_", and "hello" are not cell names,
            regardless of IsValid.
            
            Any valid incoming cell name, whether passed as a parameter or embedded in a formula,
            must be normalized with the Normalize method before it is used by or saved in 
            this spreadsheet.  For example, if Normalize is s => s.ToUpper(), then
            the Formula "x3+a5" should be converted to "X3+A5" before use.
            
            A spreadsheet contains a cell corresponding to every possible cell name.  
            In addition to a name, each cell has a contents and a value.  The distinction is
            important.
            
            The contents of a cell can be (1) a string, (2) a double, or (3) a Formula.  If the
            contents is an empty string, we say that the cell is empty.  (By analogy, the contents
            of a cell in Excel is what is displayed on the editing line when the cell is selected.)
            
            In a new spreadsheet, the contents of every cell is the empty string.
             
            The value of a cell can be (1) a string, (2) a double, or (3) a FormulaError.  
            (By analogy, the value of an Excel cell is what is displayed in that cell's position
            in the grid.)
            
            If a cell's contents is a string, its value is that string.
            
            If a cell's contents is a double, its value is that double.
            
            If a cell's contents is a Formula, its value is either a double or a FormulaError,
            as reported by the Evaluate method of the Formula class.  The value of a Formula,
            of course, can depend on the values of variables.  The value of a variable is the 
            value of the spreadsheet cell it names (if that cell's value is a double) or 
            is undefined (otherwise).
            
            Spreadsheets are never allowed to contain a combination of Formulas that establish
            a circular dependency.  A circular dependency exists when a cell depends on itself.
            For example, suppose that A1 contains B1*2, B1 contains C1*2, and C1 contains A1*2.
            A1 depends on B1, which depends on C1, which depends on A1.  That's a circular
            dependency.
            </summary>
        </member>
        <member name="P:SS.AbstractSpreadsheet.Changed">
            <summary>
            True if this spreadsheet has been modified since it was created or saved                  
            (whichever happened most recently); false otherwise.
            </summary>
        </member>
        <member name="P:SS.AbstractSpreadsheet.IsValid">
            <summary>
            Method used to determine whether a string that consists of one or more letters
            followed by one or more digits is a valid variable name.
            </summary>
        </member>
        <member name="P:SS.AbstractSpreadsheet.Normalize">
            <summary>
            Method used to convert a cell name to its standard form.  For example,
            Normalize might convert names to upper case.
            </summary>
        </member>
        <member name="P:SS.AbstractSpreadsheet.Version">
            <summary>
            Version information
            </summary>
        </member>
        <member name="M:SS.AbstractSpreadsheet.#ctor(System.Func{System.String,System.Boolean},System.Func{System.String,System.String},System.String)">
            <summary>
            Constructs an abstract spreadsheet by recording its variable validity test,
            its normalization method, and its version information.  The variable validity
            test is used throughout to determine whether a string that consists of one or
            more letters followed by one or more digits is a valid cell name.  The variable
            equality test should be used thoughout to determine whether two variables are
            equal.
            </summary>
        </member>
        <member name="M:SS.AbstractSpreadsheet.GetSavedVersion(System.String)">
            <summary>
            Returns the version information of the spreadsheet saved in the named file.
            If there are any problems opening, reading, or closing the file, the method
            should throw a SpreadsheetReadWriteException with an explanatory message.
            </summary>
        </member>
        <member name="M:SS.AbstractSpreadsheet.Save(System.String)">
            <summary>
            Writes the contents of this spreadsheet to the named file using an XML format.
            The XML elements should be structured as follows:
            
            <spreadsheet version="version information goes here">
            
            <cell>
            <name>
            cell name goes here
            </name>
            <contents>
            cell contents goes here
            </contents>    
            </cell>
            
            </spreadsheet>
            
            There should be one cell element for each non-empty cell in the spreadsheet.  
            If the cell contains a string, it should be written as the contents.  
            If the cell contains a double d, d.ToString() should be written as the contents.  
            If the cell contains a Formula f, f.ToString() with "=" prepended should be written as the contents.
            
            If there are any problems opening, writing, or closing the file, the method should throw a
            SpreadsheetReadWriteException with an explanatory message.
            </summary>
        </member>
        <member name="M:SS.AbstractSpreadsheet.GetCellValue(System.String)">
            <summary>
            If name is null or invalid, throws an InvalidNameException.
            
            Otherwise, returns the value (as opposed to the contents) of the named cell.  The return
            value should be either a string, a double, or a SpreadsheetUtilities.FormulaError.
            </summary>
        </member>
        <member name="M:SS.AbstractSpreadsheet.GetNamesOfAllNonemptyCells">
            <summary>
            Enumerates the names of all the non-empty cells in the spreadsheet.
            </summary>
        </member>
        <member name="M:SS.AbstractSpreadsheet.GetCellContents(System.String)">
            <summary>
            If name is null or invalid, throws an InvalidNameException.
            
            Otherwise, returns the contents (as opposed to the value) of the named cell.  The return
            value should be either a string, a double, or a Formula.
            </summary>
        </member>
        <member name="M:SS.AbstractSpreadsheet.SetContentsOfCell(System.String,System.String)">
            <summary>
            If content is null, throws an ArgumentNullException.
            
            Otherwise, if name is null or invalid, throws an InvalidNameException.
            
            Otherwise, if content parses as a double, the contents of the named
            cell becomes that double.
            
            Otherwise, if content begins with the character '=', an attempt is made
            to parse the remainder of content into a Formula f using the Formula
            constructor.  There are then three possibilities:
            
              (1) If the remainder of content cannot be parsed into a Formula, a 
                  SpreadsheetUtilities.FormulaFormatException is thrown.
                  
              (2) Otherwise, if changing the contents of the named cell to be f
                  would cause a circular dependency, a CircularException is thrown.
                  
              (3) Otherwise, the contents of the named cell becomes f.
            
            Otherwise, the contents of the named cell becomes content.
            
            If an exception is not thrown, the method returns a set consisting of
            name plus the names of all other cells whose value depends, directly
            or indirectly, on the named cell.
            
            For example, if name is A1, B1 contains A1*2, and C1 contains B1+A1, the
            set {A1, B1, C1} is returned.
            </summary>
        </member>
        <member name="M:SS.AbstractSpreadsheet.SetCellContents(System.String,System.Double)">
            <summary>
            If name is null or invalid, throws an InvalidNameException.
            
            Otherwise, the contents of the named cell becomes number.  The method returns a
            set consisting of name plus the names of all other cells whose value depends, 
            directly or indirectly, on the named cell.
            
            For example, if name is A1, B1 contains A1*2, and C1 contains B1+A1, the
            set {A1, B1, C1} is returned.
            </summary>
        </member>
        <member name="M:SS.AbstractSpreadsheet.SetCellContents(System.String,System.String)">
            <summary>
            If text is null, throws an ArgumentNullException.
            
            Otherwise, if name is null or invalid, throws an InvalidNameException.
            
            Otherwise, the contents of the named cell becomes text.  The method returns a
            set consisting of name plus the names of all other cells whose value depends, 
            directly or indirectly, on the named cell.
            
            For example, if name is A1, B1 contains A1*2, and C1 contains B1+A1, the
            set {A1, B1, C1} is returned.
            </summary>
        </member>
        <member name="M:SS.AbstractSpreadsheet.SetCellContents(System.String,SpreadsheetUtilities.Formula)">
            <summary>
            If formula parameter is null, throws an ArgumentNullException.
            
            Otherwise, if name is null or invalid, throws an InvalidNameException.
            
            Otherwise, if changing the contents of the named cell to be the formula would cause a 
            circular dependency, throws a CircularException.
            
            Otherwise, the contents of the named cell becomes formula.  The method returns a
            Set consisting of name plus the names of all other cells whose value depends,
            directly or indirectly, on the named cell.
            
            For example, if name is A1, B1 contains A1*2, and C1 contains B1+A1, the
            set {A1, B1, C1} is returned.
            </summary>
        </member>
        <member name="M:SS.AbstractSpreadsheet.GetDirectDependents(System.String)">
            <summary>
            If name is null, throws an ArgumentNullException.
            
            Otherwise, if name isn't a valid cell name, throws an InvalidNameException.
            
            Otherwise, returns an enumeration, without duplicates, of the names of all cells whose
            values depend directly on the value of the named cell.  In other words, returns
            an enumeration, without duplicates, of the names of all cells that contain
            formulas containing name.
            
            For example, suppose that
            A1 contains 3
            B1 contains the formula A1 * A1
            C1 contains the formula B1 + A1
            D1 contains the formula B1 - C1
            The direct dependents of A1 are B1 and C1
            </summary>
        </member>
        <member name="M:SS.AbstractSpreadsheet.GetCellsToRecalculate(System.Collections.Generic.ISet{System.String})">
            <summary>
            Requires that names be non-null.  Also requires that if names contains s,
            then s must be a valid non-null cell name.
            
            If any of the named cells are involved in a circular dependency,
            throws a CircularException.
            
            Otherwise, returns an enumeration of the names of all cells whose values must
            be recalculated, assuming that the contents of each cell named in names has changed.
            The names are enumerated in the order in which the calculations should be done.  
            
            For example, suppose that 
            A1 contains 5
            B1 contains 7
            C1 contains the formula A1 + B1
            D1 contains the formula A1 * C1
            E1 contains 15
            
            If A1 and B1 have changed, then A1, B1, and C1, and D1 must be recalculated,
            and they must be recalculated in either the order A1,B1,C1,D1 or B1,A1,C1,D1.
            The method will produce one of those enumerations.
            
            Please note that this method depends on the abstract GetDirectDependents.
            It won't work until GetDirectDependents is implemented correctly.
            </summary>
        </member>
        <member name="M:SS.AbstractSpreadsheet.GetCellsToRecalculate(System.String)">
            <summary>
            A convenience method for invoking the other version of GetCellsToRecalculate
            with a singleton set of names.  See the other version for details.
            </summary>
        </member>
        <member name="M:SS.AbstractSpreadsheet.Visit(System.String,System.String,System.Collections.Generic.ISet{System.String},System.Collections.Generic.LinkedList{System.String})">
            <summary>
            A helper for the GetCellsToRecalculate method.
            </summary>
        </member>
        <member name="T:SS.Extensions">
            <summary>
            Extension methods for object and Cell to help improve code readability
            </summary>
        </member>
        <member name="M:SS.Extensions.GetCellDoubleValue(System.Object,System.Double@)">
            <summary>
            checks to see if the value is a double and returns it.
            </summary>
            <param name="cellVal"></param>
            <param name="val"></param>
            <returns></returns>
        </member>
        <member name="M:SS.Extensions.ToFormula(SS.Cell)">
            <summary>
            Converts a Cell to a Formula. Removes two method calls to make the code cleaner.
            </summary>
            <param name="cell"></param>
            <returns></returns>
        </member>
        <member name="T:SS.Spreadsheet">
            <summary>
            Spreadhseet class that inherits from AbstractSpreadsheet, represents the state of a spreadsheet.
            </summary>
        </member>
        <member name="P:SS.Spreadsheet.Changed">
            <summary>
            Returns true if the spreadsheet has been changed since the last save.
            </summary>
        </member>
        <member name="M:SS.Spreadsheet.#ctor(System.Func{System.String,System.Boolean},System.Func{System.String,System.String},System.String)">
            <summary>
            Constructor that creates a new empty spreadsheet.
            </summary>
        </member>
        <member name="M:SS.Spreadsheet.#ctor">
            <summary>
            Zero argument constructor that creates a new empty spreadsheet
            </summary>
        </member>
        <member name="M:SS.Spreadsheet.#ctor(System.String,System.Func{System.String,System.Boolean},System.Func{System.String,System.String},System.String)">
            <summary>
            4 argument constructor that creates a spreadsheet from a file
            </summary>
            <param name="pathToFile"></param>
            <param name="isValid"></param>
            <param name="normalize"></param>
            <param name="version"></param>
        </member>
        <member name="M:SS.Spreadsheet.getDependentCells(System.String)">
            <summary>
            Returns a list of a cell's dependents. (Cells that depend on this on).
            </summary>
            <param name="cellName"></param>
            <returns></returns>
        </member>
        <member name="M:SS.Spreadsheet.getParentCells(System.String)">
            <summary>
            Return's a list of a cell's parents. (Cells that this cell depends on).
            </summary>
            <param name="cellName"></param>
            <returns></returns>
        </member>
        <member name="M:SS.Spreadsheet.GetCellContents(System.String)">
            <summary>
            Returns the contents of a given cell.
            </summary>
            <param name="name">Cell's name</param>
            <returns></returns>
        </member>
        <member name="M:SS.Spreadsheet.GetNamesOfAllNonemptyCells">
            <summary>
            Returns an IEnumerable containing the names of all non-empty cells.
            </summary>
            <returns></returns>
        </member>
        <member name="M:SS.Spreadsheet.SetCellContents(System.String,System.Double)">
            <summary>
            Sets the contents of a cell to the given double and returns a set containing all of the cell's dependents.
            Or in other words, all of the cells that need to be re-evaluated.
            </summary>
            <param name="name">Cell's Name</param>
            <param name="number">Cell's new value</param>
            <returns></returns>
        </member>
        <member name="M:SS.Spreadsheet.SetCellContents(System.String,System.String)">
            <summary>
            Sets the contents of a cell to the given text and returns a set containing all of the cell's dependents.
            </summary>
            <param name="name">Cell's name</param>
            <param name="text">Cell's new contents</param>
            <returns></returns>
        </member>
        <member name="M:SS.Spreadsheet.SetCellContents(System.String,SpreadsheetUtilities.Formula)">
            <summary>
            Sets the contents of a cell to the given Formula and returns a set containing all of the cell's dependents.
            </summary>
            <param name="name">Cell's name</param>
            <param name="formula">Cell's new contents</param>
            <returns></returns>
        </member>
        <member name="M:SS.Spreadsheet.GetDirectDependents(System.String)">
            <summary>
            Returns the direct dependents of a given cell.
            </summary>
            <param name="name">Cell's name</param>
            <returns></returns>
        </member>
        <member name="M:SS.Spreadsheet.GetSavedVersion(System.String)">
            <summary>
            Returns a string containing the saved version of a spreadsheet.
            </summary>
            <param name="filename"></param>
            <returns></returns>
        </member>
        <member name="M:SS.Spreadsheet.Save(System.String)">
            <summary>
            Creates an XML file containing all necessary information required to rebuild the spreadsheet.
            </summary>
            <param name="filename"></param>
        </member>
        <member name="M:SS.Spreadsheet.GetCellValue(System.String)">
            <summary>
            Returns the value of the contents of a cell.
            </summary>
            <param name="name"></param>
            <returns></returns>
        </member>
        <member name="M:SS.Spreadsheet.SetContentsOfCell(System.String,System.String)">
            <summary>
            Sets a given cell contents to the given string, representing a double, string or Formula
            </summary>
            <param name="name"></param>
            <param name="content"></param>
            <returns></returns>
        </member>
        <member name="M:SS.Spreadsheet.ReadSpreadsheet(System.String)">
            <summary>
            Reads a spreadsheet from an XML file.
            </summary>
            <param name="filename">Path to XML file</param>
        </member>
        <member name="M:SS.Spreadsheet.UpdateDependentCells(System.String)">
            <summary>
            Updates dependent cells. Used when loading a spreadsheet from file.
            </summary>
            <param name="cellName"></param>
        </member>
        <member name="M:SS.Spreadsheet.ReadCells(System.Xml.XmlReader,System.String@,System.String@)">
            <summary>
            Helper method for ReadSpreadsheet, sets CName and CContents to the read Cell name and Cell contents
            </summary>
            <param name="r">reader being used</param>
            <param name="CName">ref string to contain cell name</param>
            <param name="CContents">ref string to contain cell contents</param>
        </member>
        <member name="M:SS.Spreadsheet.WriteCells(System.Xml.XmlWriter)">
            <summary>
            Helper Method that writes the non empty cells to the XML file.
            </summary>
            <param name="w">The XML writer being used</param>
        </member>
        <member name="M:SS.Spreadsheet.IsValidVariable(System.String)">
            <summary>
            Returns true if a given variable is valid.
            </summary>
            <param name="var"></param>
            <returns></returns>
        </member>
        <member name="M:SS.Spreadsheet.CheckNameAndContent(System.String,System.String)">
            <summary>
            Verifies that the given cell name is valid.
            </summary>
            <param name="name">Cell's name</param>
            <param name ="content">Cell's content</param>param>
        </member>
        <member name="M:SS.Spreadsheet.Lookup(System.String)">
            <summary>
            defines a lookup to be given to the Evaluate method of a formula.
            </summary>
            <param name="CellName"></param>
            <returns></returns>
        </member>
        <member name="M:SS.Spreadsheet.RecalculateCells(System.Collections.Generic.HashSet{System.String})">
            <summary>
            Recalcualtes the value of all cells given.
            </summary>
            <param name="cells"></param>
        </member>
        <member name="M:SS.Spreadsheet.UpdateCell(System.String)">
            <summary>
            Recalculates the value of a single cell. For public use.
            </summary>
        </member>
        <member name="M:SS.Spreadsheet.SetContents(System.String,SpreadsheetUtilities.Formula,System.Object)">
            <summary>
            Helper method for SetCellContents. Sets a cell's contents to the given formula.
            Requires a formula result.
            </summary>
            <param name="name">Cell's name</param>
            <param name="formula">Cell's new Contents</param>
            <param name="FormulaResult">Formula's evaluated result</param>
        </member>
        <member name="M:SS.Spreadsheet.SetContents(System.String,System.Double)">
            <summary>
            Helper method for SetCellContents. Sets a cell's contents to the given double.
            </summary>
            <param name="name">Cell's name</param>
            <param name="number">Cell's new contents</param>
        </member>
        <member name="M:SS.Spreadsheet.SetContents(System.String,System.String)">
            <summary>
            Helper method for SetCellContents. Sets a cell's contents to the given string.
            </summary>
            <param name="name">Cell's name</param>
            <param name="text">Cell's new contents</param>
        </member>
        <member name="T:SS.Cell">
            <summary>
            Class for containing and returning any information of a spreadsheet cell.
            </summary>
        </member>
        <member name="P:SS.Cell.Name">
            <summary>
            Cell's Name
            </summary>
        </member>
        <member name="M:SS.Cell.UpdateValue(System.Object)">
            <summary>
            Changes a cell's value to the given value.
            </summary>
            <param name="updatedValue"></param>
        </member>
        <member name="M:SS.Cell.#ctor(System.String,System.Object,System.Object)">
            <summary>
            Constructs a cell with a given object as the cell contents. Expects an evaluated formula result.
            Used for formulas.
            </summary>
            <param name="name">Cell Name</param>
            <param name="contents">Cell's contents</param>
            <param name="FormulaResult">Formula's evaluated result</param>
        </member>
        <member name="M:SS.Cell.#ctor(System.String,System.Object)">
            <summary>
            Constructs a cell with a given object as the cell contents. Does not expect an evaluated formula result.
            Used for strings and doubles.
            </summary>
            <param name="name"></param>
            <param name="contents"></param>
        </member>
        <member name="M:SS.Cell.GetContents">
            <summary>
            Returns an object containing a cell's contents.
            </summary>
            <returns></returns>
        </member>
        <member name="M:SS.Cell.GetValue">
            <summary>
            Returns an object containing the value of a cell's contents.
            </summary>
            <returns></returns>
        </member>
    </members>
</doc>
